Job_ID,Resume_1,Resume_2,Resume_3,Resume_4,Resume_5,Resume_6,Resume_7,Resume_8,Resume_9,Resume_10
0,476,476,5,452,13,644,239,257,76,539
1,631,633,473,378,380,376,377,572,419,599
2,117,387,122,579,342,123,123,123,644,161
3,419,572,5,257,452,638,317,316,258,643
4,631,633,473,380,29,572,376,378,328,377
5,246,638,550,48,198,477,285,476,476,374
6,477,638,488,376,666,377,572,328,258,248
7,509,129,305,305,638,145,666,201,132,123
8,129,386,469,666,329,145,594,394,141,599
9,103,282,82,24,184,638,186,538,556,21
10,103,282,82,24,184,638,186,538,556,21
11,27,305,305,490,400,97,587,282,552,381
12,24,552,587,400,517,355,508,282,33,538
13,658,638,415,246,603,663,542,504,572,26
14,257,496,476,476,659,316,317,44,643,487
15,103,129,192,8,475,82,217,40,41,20
16,117,638,666,198,564,659,192,146,118,218
17,118,564,76,117,476,476,535,489,9,328
18,564,118,198,51,639,568,146,79,594,76
19,10,535,198,118,638,189,328,192,564,79
20,54,29,48,34,600,51,86,278,402,639
21,477,246,328,665,283,638,535,207,488,550
22,117,666,564,535,328,118,198,550,659,476
23,316,79,258,48,256,182,476,476,539,610
24,27,400,319,278,141,381,305,305,33,237
25,306,271,502,633,664,239,177,5,399,129
26,529,594,225,438,435,676,592,452,436,171
27,328,248,535,196,366,309,488,477,592,145
28,488,638,477,321,336,435,248,550,381,246
29,348,52,52,248,469,666,225,638,217,324
30,348,52,52,134,324,372,469,225,248,237
31,324,217,319,27,143,40,469,41,264,129
32,143,324,217,319,27,8,399,123,123,123
33,348,633,435,237,234,288,593,284,294,662
34,452,72,594,438,659,95,436,437,299,314
35,543,273,182,392,582,258,561,51,15,237
36,217,23,110,634,511,41,395,22,40,15
37,117,638,666,118,659,564,51,535,145,306
38,564,535,118,198,139,117,638,666,278,51
39,535,76,489,476,476,564,455,550,541,260
40,117,118,638,666,659,198,568,639,74,328
41,117,666,638,285,564,30,218,51,659,535
42,117,118,638,666,198,659,189,51,192,568
43,117,638,118,328,666,535,74,306,198,564
44,452,643,659,648,386,654,435,248,257,8
45,556,276,488,21,250,105,105,248,204,204
46,404,372,572,282,409,445,561,164,380,7
47,80,313,597,601,602,342,542,433,438,314
48,638,15,27,241,372,198,550,666,74,356
49,638,15,27,241,372,198,550,666,74,356
50,638,15,27,241,372,198,550,666,74,356
51,638,15,27,241,372,198,550,666,74,356
52,638,15,27,241,372,198,550,666,74,356
53,638,15,27,241,372,198,550,666,74,356
54,638,15,27,241,372,198,550,666,74,356
55,80,601,313,597,433,342,438,314,434,556
56,80,313,581,319,27,621,278,30,169,649
57,321,477,488,336,328,376,377,381,630,582
58,258,539,610,21,250,556,181,288,666,30
59,14,404,109,521,78,23,368,611,616,378
60,336,331,321,473,248,633,525,619,412,258
61,336,321,331,633,248,473,619,525,583,258
62,381,638,217,143,531,27,248,666,309,293
63,143,399,666,508,248,217,27,63,309,531
64,80,194,469,509,330,594,638,581,666,411
65,284,477,127,510,336,26,524,342,321,435
66,452,659,435,662,663,74,248,143,241,666
67,20,176,572,373,665,419,521,315,77,413
68,118,535,198,568,594,237,355,666,74,10
69,412,26,539,610,181,21,250,644,556,182
70,181,412,539,610,21,250,315,556,26,179
71,564,278,455,118,594,535,489,51,48,487
72,452,5,560,97,666,648,638,14,563,321
73,118,198,535,638,666,10,564,476,476,189
74,118,535,40,639,41,146,10,564,464,243
75,10,535,198,118,638,189,328,192,564,79
76,638,395,488,656,666,48,377,376,49,521
77,488,395,638,376,377,666,464,321,521,248
78,117,564,535,51,118,476,476,198,594,145
79,638,15,321,248,666,655,662,485,364,328
80,551,664,196,164,218,315,226,317,579,123
81,452,15,659,299,578,605,543,662,348,8
82,118,198,535,638,666,10,564,476,476,189
83,117,666,535,638,118,564,98,659,198,74
84,559,560,146,637,563,452,607,605,334,666
85,248,638,666,217,634,30,376,531,29,377
86,607,305,305,452,666,411,246,350,353,356
87,196,452,435,666,248,510,305,305,437,607
88,488,321,377,477,376,638,381,631,29,217
89,606,452,607,196,543,637,26,176,356,594
90,607,196,605,452,563,246,356,606,334,594
91,196,452,246,605,659,607,638,321,666,348
92,607,196,605,452,563,334,246,567,356,543
93,607,196,605,563,334,452,567,606,543,95
94,607,452,637,563,356,196,572,419,543,246
95,452,659,638,356,572,607,192,246,419,62
96,480,103,556,21,250,539,610,181,271,223
97,666,305,305,258,476,476,539,610,129,363
98,118,535,564,476,476,76,328,489,198,117
99,103,480,399,82,129,664,271,145,123,123
100,306,117,342,129,8,387,235,406,515,103
101,117,306,387,406,342,8,271,239,644,515
102,117,342,8,306,387,406,235,129,597,103
103,342,387,117,406,129,239,597,8,271,306
104,129,149,298,24,67,132,177,306,123,123
105,74,103,129,40,41,480,662,531,306,538
106,29,655,639,504,561,380,352,591,402,34
107,430,81,13,562,383,475,254,419,7,579
108,237,238,329,469,394,167,27,33,319,312
109,103,123,123,123,404,197,201,417,399,508
110,237,238,329,469,394,167,27,33,319,312
111,579,435,161,164,306,421,2,380,671,631
112,579,435,161,164,306,421,2,380,671,631
113,638,572,404,419,196,201,123,123,123,497
114,103,328,196,404,204,204,26,366,24,412
115,329,182,275,161,315,258,237,579,64,81
116,103,404,556,412,217,21,250,26,63,181
117,329,182,275,161,315,258,237,579,64,81
118,644,177,419,444,444,444,444,539,610,239
119,535,638,117,10,328,118,666,198,564,192
120,24,305,305,534,381,666,309,246,294,477
121,40,41,568,118,535,146,421,51,638,666
122,572,419,471,611,616,417,638,306,321,167
123,129,480,533,143,393,237,635,256,8,114
124,568,535,40,638,41,329,198,666,118,237
125,460,161,26,347,658,315,504,54,196,96
126,460,161,26,347,658,315,504,54,196,96
127,117,10,638,189,79,198,328,118,532,666
128,217,572,99,430,419,551,40,41,421,579
129,117,666,638,118,564,285,659,535,51,218
130,129,40,41,245,192,189,480,258,217,298
131,568,535,40,41,638,329,666,198,118,51
132,270,167,129,406,217,258,40,41,72,74
133,117,666,638,564,659,118,285,433,411,535
134,535,638,666,568,118,198,40,41,237,656
135,568,535,638,40,41,118,666,329,198,355
136,564,118,117,594,278,51,489,455,541,535
137,535,666,198,638,365,594,51,328,374,74
138,535,666,568,638,198,118,40,41,237,74
139,568,40,41,638,535,118,666,51,146,329
140,535,532,564,638,656,98,568,306,666,40
141,10,535,198,118,638,189,328,192,564,79
142,29,402,504,330,582,666,51,571,655,54
143,305,305,237,556,21,250,539,610,399,103
144,227,381,41,40,129,217,511,634,638,240
145,638,290,40,579,41,217,456,258,634,74
146,469,286,330,248,46,27,237,666,48,74
147,248,666,275,258,348,542,241,638,72,30
148,463,633,186,435,187,187,556,30,103,535
149,52,52,72,106,510,435,275,85,330,103
150,510,72,435,26,415,127,189,508,284,666
151,52,52,72,106,510,435,275,85,330,103
152,452,473,321,419,248,348,572,643,380,258
153,633,473,336,384,583,204,204,331,217,631
154,381,488,258,633,278,309,435,638,248,217
155,638,258,248,633,488,321,328,485,74,477
156,487,556,21,250,181,539,610,178,550,644
157,74,286,535,550,638,666,509,258,248,194
158,342,306,117,387,476,476,644,8,579,597
159,435,314,594,72,438,394,530,670,603,452
160,342,288,616,258,611,59,593,471,663,572
161,133,27,217,319,40,41,143,634,288,237
162,452,359,560,659,317,257,666,44,80,74
163,666,133,74,538,248,518,643,237,531,129
164,321,377,633,336,488,258,631,248,531,29
165,321,377,633,336,488,258,631,248,531,29
166,606,637,653,349,607,67,666,638,176,372
167,243,656,356,375,192,579,634,217,324,40
168,638,452,192,342,665,317,659,431,572,246
169,167,27,579,469,315,313,123,123,123,161
170,452,5,315,313,606,356,659,314,438,95
171,176,435,101,102,314,504,313,621,202,384
172,286,509,278,194,145,283,469,594,258,376
173,438,436,596,592,452,278,435,433,676,594
174,665,196,638,95,342,499,452,246,605,278
175,161,643,594,340,49,622,599,479,640,621
176,111,111,418,26,88,261,194,509,80,178
177,111,111,418,26,88,261,194,509,80,178
178,600,509,278,434,469,62,117,639,406,596
179,117,600,638,469,419,572,161,509,62,342
180,41,40,217,192,634,662,638,290,339,23
181,471,404,611,502,616,644,421,239,81,417
182,129,149,298,132,5,65,123,123,123,119
183,535,118,198,564,594,666,51,232,174,537
184,22,217,421,23,403,449,178,13,129,40
185,51,29,48,655,25,561,151,151,189,638
186,638,633,377,165,655,117,328,583,258,662
187,421,403,22,466,178,449,129,13,217,63
188,655,638,328,662,165,633,117,30,431,377
189,638,655,662,246,328,572,258,62,666,431
190,638,110,380,421,655,62,666,452,572,431
191,638,655,662,258,117,431,342,633,328,30
192,204,204,572,665,633,638,246,419,82,406
193,638,217,129,258,666,290,328,662,456,572
194,285,638,666,550,535,317,74,477,659,258
195,550,421,381,463,196,380,117,639,23,245
196,594,592,350,353,437,314,435,438,367,432
197,665,539,610,556,21,250,633,239,515,638
198,117,342,161,638,579,666,599,106,387,452
199,330,360,51,621,29,649,666,80,48,137
200,633,638,204,204,129,328,456,475,572,246
201,435,348,72,428,437,202,433,438,601,592
202,658,282,103,638,184,246,82,26,435,417
203,194,34,376,649,379,447,40,41,415,639
204,638,535,579,666,258,550,317,547,477,374
205,246,666,198,184,638,328,535,665,550,430
206,5,452,95,563,616,611,572,419,14,23
207,258,74,435,27,151,151,638,306,189,161
208,666,638,579,246,137,509,74,600,550,621
209,321,412,631,167,258,360,161,74,26,288
210,392,51,139,326,594,34,86,491,189,27
211,611,616,176,196,556,21,250,539,610,117
212,638,509,634,246,194,381,62,666,550,572
213,633,417,258,84,522,644,197,316,539,610
214,488,196,477,336,377,48,328,248,258,321
215,62,638,258,342,663,572,161,30,382,435
216,118,342,662,670,62,258,172,666,476,476
217,118,342,662,670,62,258,172,666,476,476
218,258,382,504,435,347,182,319,288,278,161
219,597,556,539,610,21,250,383,117,433,592
220,145,66,535,256,258,309,366,248,132,476
221,129,22,399,298,290,13,40,41,265,611
222,161,13,638,504,435,372,288,347,572,176
223,315,167,471,611,616,13,532,88,271,223
224,54,315,161,413,340,476,476,306,13,572
225,258,237,30,319,638,662,248,40,227,41
226,29,504,655,89,54,582,593,380,639,435
227,413,348,435,638,46,246,284,633,309,248
228,258,227,197,262,240,248,638,666,238,40
229,258,26,662,237,248,319,30,182,360,161
230,143,106,324,134,217,225,50,8,85,23
231,258,227,237,262,40,41,662,638,395,12
232,452,307,666,605,659,106,321,571,62,246
233,452,605,246,321,196,62,307,106,334,666
234,328,381,488,638,321,377,248,655,435,633
235,556,21,250,539,610,40,41,129,192,406
236,452,605,246,307,321,62,196,571,106,95
237,196,452,317,638,29,176,571,177,666,421
238,336,331,248,473,48,391,321,470,106,144
239,328,488,381,321,638,377,248,655,336,633
240,117,604,597,436,235,434,537,69,103,595
241,48,376,581,317,535,624,196,286,145,226
242,488,30,377,477,321,633,638,655,348,246
243,556,539,610,21,250,181,476,476,306,611
244,336,321,470,248,48,331,391,473,319,212
245,103,96,196,539,610,315,164,556,444,444
246,510,437,419,572,415,381,671,435,41,604
247,452,634,62,246,605,375,278,560,150,217
248,579,319,13,421,167,317,340,164,638,96
249,638,535,666,550,539,610,556,21,250,177
250,634,375,560,62,217,246,605,559,40,41
251,352,582,655,568,328,324,645,15,477,538
252,509,600,278,469,285,645,605,452,286,594
253,29,51,54,86,571,137,504,329,34,447
254,638,644,572,579,419,254,177,315,117,164
255,597,117,539,610,556,21,250,592,436,239
256,556,21,250,84,539,610,644,665,502,181
257,444,444,444,444,644,109,404,196,665,499
258,218,196,63,664,66,666,587,194,614,246
259,509,278,600,312,381,336,248,246,634,194
260,604,597,436,117,595,537,667,185,235,433
261,561,282,54,34,29,64,89,402,27,319
262,103,82,556,21,250,551,539,610,186,579
263,103,82,556,21,250,551,539,610,186,579
264,644,84,539,610,556,21,250,181,404,368
265,225,435,592,344,167,278,434,600,356,529
266,225,435,592,344,167,278,434,600,356,529
267,638,656,572,419,579,317,218,246,550,285
268,103,189,551,192,319,480,556,266,266,129
269,502,301,101,102,368,271,572,644,289,471
270,86,447,51,48,29,374,49,666,198,25
271,633,24,417,306,30,435,189,127,336,524
272,556,21,250,181,539,610,526,306,368,665
273,447,51,86,48,374,29,49,666,198,571
274,447,51,86,48,374,29,49,666,649,329
275,579,551,638,184,218,317,217,572,290,82
276,579,551,638,184,218,317,217,572,290,82
277,638,488,377,477,321,248,655,376,522,666
278,399,305,305,294,143,23,364,381,461,114
279,5,572,638,419,471,109,257,123,123,123
280,644,669,266,266,103,616,611,192,13,638
281,198,246,535,666,452,659,348,46,435,663
282,246,198,535,46,663,666,452,550,248,350
283,111,111,261,88,529,245,379,647,551,206
284,572,328,84,452,476,476,419,377,532,488
285,572,419,266,266,84,378,521,282,638,387
286,411,469,538,248,435,509,438,666,517,596
287,177,82,638,218,103,123,123,123,509,145
288,177,82,638,218,103,123,123,123,509,145
289,488,84,328,377,643,633,572,248,561,532
290,26,504,372,273,110,655,62,540,662,106
291,306,665,103,129,40,41,556,235,21,250
292,600,278,509,62,435,663,415,434,594,167
293,129,475,305,305,317,383,421,290,256,399
294,217,456,129,290,258,633,664,399,378,480
295,24,149,132,103,179,282,123,123,123,298
296,398,27,631,571,169,508,599,319,167,161
297,398,27,631,571,169,508,599,319,167,161
298,23,399,294,381,305,305,364,217,248,143
299,655,372,504,540,662,219,26,213,62,561
300,309,633,328,248,364,103,240,227,258,100
301,535,84,638,257,5,496,532,471,382,266
302,464,541,489,595,539,610,48,564,594,455
303,305,305,399,294,461,381,143,129,23,364
304,432,596,342,117,229,452,597,616,611,543
305,309,633,328,248,364,103,240,227,258,100
306,452,543,634,437,41,560,62,40,380,432
307,399,305,305,294,461,143,381,23,129,364
308,452,257,359,469,543,318,5,8,37,411
309,309,633,328,248,364,103,240,227,258,100
310,5,452,607,359,44,606,95,334,617,563
311,638,246,317,82,103,666,196,177,30,218
312,638,246,317,82,103,666,196,177,30,218
313,535,84,638,5,257,532,471,496,177,382
314,638,535,257,5,84,532,496,30,476,476
315,123,123,123,469,27,509,305,305,278,124
316,328,572,488,638,419,84,477,377,532,666
317,638,666,535,74,198,123,123,123,194,285
318,196,246,665,26,82,499,103,306,463,204
319,118,564,76,117,476,476,535,489,9,328
320,328,572,419,664,488,84,532,638,535,476
321,328,572,419,664,488,638,84,532,476,476
322,643,452,605,594,5,317,44,257,95,394
323,604,192,129,597,23,117,290,556,69,40
324,649,460,137,639,27,29,51,34,48,319
325,638,654,666,328,248,488,381,103,377,321
326,27,290,319,177,226,13,143,217,123,123
327,305,305,509,123,123,123,194,349,129,145
328,305,305,509,123,123,123,194,349,129,145
329,643,638,382,217,149,551,25,666,48,628
330,638,654,666,328,248,381,103,488,377,535
331,604,145,82,195,129,639,117,379,298,265
332,409,421,196,444,444,444,444,611,117,419
333,117,616,611,40,41,556,539,610,597,21
334,377,129,510,521,103,380,633,258,508,176
335,412,104,579,197,638,258,317,539,610,456
336,638,560,572,62,634,419,372,561,666,217
337,24,552,587,400,517,355,508,282,33,538
338,282,123,123,123,149,129,24,400,27,289
339,217,638,634,560,372,143,62,290,381,129
340,673,521,316,256,664,282,103,431,540,635
341,638,560,572,62,634,419,372,561,666,217
342,29,147,582,86,127,226,504,377,27,213
343,538,594,27,189,278,639,330,174,411,232
344,539,610,444,444,444,444,509,286,285,556
345,638,654,666,103,643,377,248,488,184,381
346,133,552,166,282,205,310,538,305,305,103
347,258,342,72,41,40,348,257,2,616,611
348,237,294,27,305,305,381,561,400,189,133
349,452,654,44,659,248,638,666,196,535,348
350,258,357,342,229,41,40,257,348,616,611
351,515,516,432,435,611,616,566,434,601,593
352,601,434,435,314,428,362,515,516,178,611
353,469,348,638,360,629,659,86,666,319,241
354,419,572,35,101,102,117,644,254,497,475
355,40,41,270,258,662,106,72,342,151,151
356,106,270,41,40,258,662,342,412,72,435
357,659,62,600,662,74,435,458,237,278,469
358,638,258,399,103,248,477,633,217,197,364
359,452,317,563,44,334,5,579,359,95,659
360,655,84,638,322,20,266,266,107,542,417
361,473,70,70,144,254,421,380,282,7,315
362,286,194,196,638,509,246,278,666,285,463
363,638,103,328,665,258,477,184,666,431,74
364,285,638,246,535,194,666,98,550,509,218
365,421,480,63,143,289,164,399,664,551,207
366,258,638,360,572,194,579,419,666,192,74
367,638,36,258,531,456,184,217,210,218,361
368,164,306,468,579,186,556,21,250,181,421
369,258,638,360,572,194,579,419,666,192,74
370,509,469,359,600,411,500,286,594,248,145
371,189,196,298,366,432,380,246,499,524,538
372,638,258,248,217,328,56,56,56,26,84
373,355,39,39,39,587,198,328,282,364,666
374,572,419,217,579,638,258,110,41,40,666
375,176,666,638,634,258,579,217,461,41,129
376,397,111,111,261,192,594,372,209,375,356
377,531,309,68,638,258,666,74,217,63,36
378,397,111,111,261,192,372,209,594,375,243
379,531,74,143,68,306,361,556,141,21,250
380,638,103,306,556,531,21,250,217,129,82
381,21,250,556,471,181,290,579,539,610,13
382,21,250,556,471,181,290,579,539,610,13
383,532,79,564,76,96,487,594,278,489,198
384,663,290,13,40,41,616,611,288,319,258
385,572,638,198,419,666,404,444,444,444,444
386,535,328,198,564,476,476,76,118,487,666
387,644,476,476,81,475,579,239,254,333,207
388,51,118,79,117,328,535,198,638,666,568
389,86,29,649,447,51,639,34,666,376,547
390,638,666,535,118,117,328,74,659,198,564
391,452,659,638,44,5,572,579,654,8,605
392,644,89,404,81,474,7,239,413,442,64
393,644,476,476,192,638,475,239,198,572,82
394,26,421,161,599,89,340,435,63,380,445
395,86,29,469,512,659,51,137,666,329,523
396,194,145,80,27,258,666,621,74,26,32
397,218,194,301,368,551,97,177,497,274,145
398,665,246,24,279,475,117,186,82,463,431
399,20,665,521,21,250,539,610,556,378,217
400,129,551,666,317,217,298,177,356,579,143
401,452,76,182,13,543,135,316,372,60,7
402,377,582,473,328,633,655,477,331,376,321
403,306,248,530,535,8,435,257,452,500,633
404,132,305,305,123,123,123,24,298,517,149
405,246,328,218,279,638,655,184,215,524,666
406,579,666,117,452,321,638,233,499,26,380
407,45,309,488,477,328,535,550,258,374,395
408,24,328,477,309,248,535,524,364,305,305
409,532,551,186,497,535,638,187,187,145,30
410,464,605,196,556,539,610,444,444,444,444
411,587,67,305,305,166,517,218,298,557,613
412,477,488,328,633,348,412,258,458,248,662
413,29,48,49,649,226,358,86,447,27,34
414,305,305,587,39,39,39,67,232,174,24
415,550,535,258,46,74,309,435,462,592,248
416,638,550,556,21,250,539,610,666,258,181
417,359,500,659,535,192,352,564,328,39,39
418,103,82,572,204,204,196,419,217,246,521
419,655,582,29,488,473,377,328,331,165,477
420,184,218,186,30,82,535,187,187,399,638
421,379,224,621,182,64,89,446,202,296,482
422,192,452,95,560,97,605,317,359,659,367
423,246,605,62,276,354,328,662,336,488,431
424,306,271,471,611,616,2,13,21,250,556
425,306,271,471,611,616,2,13,21,250,556
426,328,633,488,535,336,204,204,196,550,127
427,535,145,550,48,196,328,204,204,545,249
428,535,328,550,668,545,633,196,336,79,477
429,477,550,524,246,48,488,535,598,374,196
430,271,556,21,250,539,610,663,129,616,611
431,271,556,21,250,539,610,663,129,616,611
432,328,633,103,556,21,250,82,306,638,539
433,328,633,103,556,21,250,82,306,638,539
434,133,643,496,598,334,419,572,316,319,30
435,48,51,49,464,350,353,318,433,594,198
436,51,48,49,350,353,408,539,610,52,52
437,48,51,49,464,350,353,539,610,284,256
438,48,51,350,353,49,464,352,118,594,284
439,261,308,97,111,111,657,161,60,167,50
440,217,579,317,246,99,374,177,194,286,551
441,51,48,464,49,350,353,69,30,649,248
442,217,246,177,579,317,99,286,374,551,194
443,164,598,380,421,594,167,161,117,7,363
444,217,579,246,317,177,99,286,374,194,551
445,342,117,387,633,103,258,662,306,129,8
446,535,476,476,118,564,198,172,117,306,328
447,246,205,324,524,571,598,196,605,415,623
448,517,587,286,166,298,265,196,145,67,218
449,217,456,664,290,531,36,638,74,27,317
450,309,384,103,381,633,176,248,328,550,246
451,564,489,541,537,278,667,568,455,352,62
452,31,347,571,382,161,504,54,532,319,621
453,218,637,490,249,666,587,550,145,246,366
454,477,48,524,49,26,246,572,447,374,382
455,258,638,289,666,117,399,103,611,616,288
456,258,638,289,666,117,399,103,611,616,288
457,387,145,117,65,500,122,306,644,340,178
458,539,610,541,564,489,594,464,48,592,550
459,324,134,50,106,143,8,225,217,461,85
460,29,582,630,649,561,447,376,48,86,639
461,543,452,37,167,318,622,5,49,380,315
462,321,631,452,643,599,648,542,435,248,161
463,317,638,475,192,579,177,254,217,290,572
464,572,419,662,638,360,469,659,62,278,342
465,317,638,475,192,579,177,254,217,290,572
466,579,246,638,572,419,634,666,593,254,421
467,249,488,278,550,535,538,248,518,666,48
468,74,638,666,659,246,328,600,477,15,321
469,117,644,306,611,616,103,596,409,196,239
470,184,103,78,556,21,250,84,551,255,82
471,248,294,305,305,328,309,258,72,284,219
472,145,438,166,124,517,313,355,538,314,103
473,103,298,201,409,24,129,556,611,616,21
474,464,541,489,595,539,610,48,564,594,455
475,249,488,278,550,535,538,248,518,666,48
476,103,298,201,24,409,633,129,611,616,406
477,228,508,123,123,123,282,217,301,399,551
478,315,419,313,306,572,282,5,164,289,476
479,315,419,313,306,572,282,5,164,289,476
480,315,419,313,306,572,282,5,164,289,476
481,103,298,201,24,409,633,129,611,616,406
482,594,509,321,194,600,435,638,659,469,278
483,149,197,666,24,218,365,638,123,123,123
484,638,666,535,469,194,74,80,572,30,258
485,249,666,246,538,328,248,605,488,645,435
486,249,666,246,48,538,335,286,517,374,605
487,488,638,477,321,336,435,248,550,381,246
488,328,248,535,196,366,309,488,477,592,145
489,644,476,476,539,610,239,117,315,487,616
490,644,476,476,539,610,239,117,315,487,616
491,644,539,610,117,556,239,21,250,476,476
492,279,246,103,276,328,184,552,488,38,38
493,117,387,306,122,399,476,476,103,644,282
494,634,41,40,217,375,192,110,15,243,248
495,666,659,27,123,123,123,226,248,329,48
496,315,532,167,572,306,419,13,611,616,258
497,633,583,294,248,399,103,258,41,309,40
498,633,583,294,248,399,103,258,41,309,40
499,600,659,74,359,433,434,666,638,317,596
500,452,594,313,438,76,314,530,659,432,596
501,638,213,599,639,666,380,189,321,40,41
502,638,666,194,286,147,469,27,258,317,285
503,117,30,62,342,662,258,161,348,41,40
504,638,666,117,30,146,192,69,218,198,538
505,433,117,314,596,278,438,435,601,434,62
506,535,76,198,476,476,48,666,487,328,670
507,638,213,639,599,666,189,40,380,41,217
508,129,467,306,633,24,217,282,258,456,399
509,189,319,435,72,51,205,381,452,666,106
510,48,49,547,488,248,581,29,182,477,177
511,509,600,469,435,434,248,217,638,305,305
512,526,330,556,21,250,181,505,127,539,610
513,103,538,124,305,305,129,556,24,21,250
514,305,305,189,237,79,294,169,328,598,330
515,103,433,117,237,399,33,270,538,27,305
516,334,563,607,452,676,8,257,595,500,530
517,95,192,153,153,436,118,334,129,257,235
518,613,557,189,448,132,305,305,218,298,641
519,225,167,209,72,41,40,295,80,385,385
520,436,438,595,433,596,564,140,592,509,278
521,241,74,662,329,431,677,655,638,561,270
522,241,662,74,431,329,477,638,572,655,270
523,638,246,666,63,217,196,535,551,30,335
524,329,627,554,638,609,634,74,278,603,319
525,552,587,24,526,400,355,282,517,524,538
526,329,554,627,638,634,278,603,319,74,609
527,103,129,298,399,8,480,132,289,510,461
528,598,435,524,633,132,127,248,258,189,24
529,435,598,287,189,432,132,670,671,380,438
530,572,579,419,117,246,477,666,638,30,82
531,572,579,419,117,246,477,666,638,30,82
532,315,201,289,476,476,117,373,666,218,164
533,421,572,317,579,340,419,638,110,161,375
534,435,381,205,595,189,328,380,510,294,670
535,258,248,129,132,376,30,217,48,467,633
536,673,315,189,258,572,123,123,123,133,103
537,638,246,666,63,217,196,535,551,30,335
538,225,50,209,594,106,330,261,26,415,295
539,225,50,209,594,106,330,261,26,415,295
540,305,305,587,39,39,39,67,232,174,24
541,633,583,41,40,258,616,611,662,331,294
542,633,583,41,40,258,616,611,662,331,294
543,611,616,421,471,41,40,380,521,342,258
544,611,616,421,471,41,40,380,521,342,258
545,258,41,40,539,610,342,662,616,611,633
546,258,41,40,539,610,342,662,616,611,633
547,399,123,123,123,103,132,271,611,616,24
548,12,258,129,282,547,420,420,420,420,649
549,421,616,611,41,258,40,288,521,539,610
550,550,476,476,412,376,611,616,13,104,271
551,638,285,666,659,117,572,218,579,254,317
552,421,616,611,41,258,40,288,521,539,610
553,550,476,476,412,376,611,616,13,104,271
554,62,381,41,662,40,380,421,435,634,415
555,62,381,41,662,40,380,421,435,634,415
556,27,400,381,587,33,141,319,124,461,123
557,550,535,666,298,545,572,82,258,665,419
558,665,266,266,20,521,204,204,62,192,633
559,550,476,476,412,376,611,616,13,104,271
560,665,266,266,20,521,204,204,62,192,633
561,611,616,421,521,399,471,258,633,380,248
562,611,616,421,521,399,471,258,633,380,248
563,27,305,305,490,400,97,587,282,552,381
564,550,476,476,412,376,611,616,13,104,271
565,638,117,258,593,161,572,419,62,663,30
566,638,117,258,593,161,572,419,62,663,30
567,117,314,434,306,601,433,313,13,597,438
568,601,161,434,314,117,313,306,435,599,167
569,638,8,535,666,192,243,476,476,41,40
570,340,463,308,161,421,377,551,164,576,197
571,649,532,9,169,473,27,317,421,634,656
572,26,182,415,579,283,315,413,596,258,348
573,477,488,524,328,550,382,535,633,572,246
574,509,305,305,458,194,638,411,666,469,587
575,477,488,524,328,550,382,535,633,572,246
576,477,48,524,488,382,550,572,535,30,419
577,166,305,305,310,68,587,517,67,189,298
578,477,488,524,382,550,48,572,535,419,328
579,194,28,286,556,21,250,665,621,169,26
580,477,48,524,488,382,550,572,535,30,419
581,600,469,74,258,509,248,666,237,435,662
582,117,306,387,313,342,644,161,515,271,145
583,477,488,524,382,550,48,572,535,419,328
584,241,248,30,508,15,258,542,666,63,27
585,241,248,30,508,15,258,542,666,63,27
586,117,48,161,602,649,639,122,29,444,444
587,129,217,638,399,298,123,123,123,27,74
588,435,433,671,314,596,438,436,427,594,592
589,477,488,524,382,550,48,572,535,419,328
590,468,103,82,129,186,550,572,177,399,638
591,217,129,290,143,399,74,638,27,103,298
592,477,48,524,488,382,550,572,535,30,419
593,241,248,30,15,666,508,27,542,643,258
594,241,248,30,15,666,508,27,542,643,258
595,117,387,342,644,192,306,496,123,123,123
596,477,550,535,524,488,572,328,638,419,48
597,477,550,535,524,488,572,328,638,419,48
598,638,285,246,666,74,477,572,419,30,317
599,477,550,535,524,488,572,328,638,419,48
600,579,82,176,487,421,306,380,437,631,638
601,48,561,571,49,226,622,86,649,51,296
602,331,248,284,80,30,63,542,663,187,187
603,258,666,638,476,476,132,547,539,610,169
604,27,197,149,358,123,123,123,63,551,226
605,41,40,243,634,192,217,8,324,437,227
606,603,314,237,379,435,159,594,597,415,653
607,435,306,593,342,596,234,434,600,601,117
608,638,509,477,469,666,321,285,248,286,74
609,261,167,161,111,111,88,340,80,315,13
610,80,469,600,30,278,437,595,435,598,9
611,649,34,29,447,547,51,86,137,639,666
612,111,111,314,429,313,438,47,529,261,428
613,638,133,435,62,432,605,594,278,319,354
614,638,317,666,192,659,246,572,95,354,74
615,321,30,452,258,348,248,631,638,80,137
616,47,314,415,237,635,270,167,360,600,663
617,246,638,550,48,198,477,285,476,476,374
618,365,643,666,5,164,671,599,435,638,123
619,117,123,123,123,317,579,167,360,638,666
620,123,123,123,365,579,509,469,129,517,124
621,103,186,399,306,187,187,282,644,468,417
622,5,471,258,563,452,476,476,95,13,637
623,47,314,209,261,72,237,111,111,435,118
624,638,258,29,456,376,248,477,666,572,561
625,372,621,142,445,111,111,167,26,233,532
626,26,633,2,556,21,250,539,610,413,181
627,550,535,129,177,335,186,204,204,477,476
628,197,100,412,217,330,55,26,277,459,340
629,196,463,246,631,380,377,421,643,599,665
630,488,550,477,258,638,48,535,624,572,321
631,319,419,572,471,616,611,13,278,2,499
632,21,250,556,181,539,610,290,192,579,217
633,672,572,419,579,258,194,270,499,40,26
634,556,21,250,181,539,610,192,319,40,41
635,111,111,529,261,295,88,344,532,379,191
636,631,412,477,377,321,340,435,582,197,473
637,535,198,476,476,39,39,39,328,666,564
638,10,535,198,328,118,139,189,666,638,51
639,535,476,476,198,39,39,39,328,564,379
640,117,118,198,666,535,659,74,638,639,189
641,328,535,198,118,476,476,117,76,10,666
642,535,666,638,118,117,328,198,564,74,659
643,117,118,328,638,666,535,74,306,406,659
644,10,118,198,535,639,189,139,278,564,355
645,639,10,30,649,355,51,568,139,79,133
646,198,535,564,638,139,656,666,118,489,541
647,118,564,535,328,117,455,489,9,541,411
648,117,564,638,118,666,659,192,198,146,535
649,117,387,342,271,239,122,644,82,123,123
650,638,117,666,198,146,218,30,568,184,254
651,117,564,535,51,118,476,476,198,594,145
652,535,10,198,638,117,118,189,666,328,30
653,328,535,638,198,666,118,476,476,117,74
654,117,118,638,328,666,535,74,306,198,30
655,248,666,488,321,395,258,476,476,348,477
656,488,638,395,377,248,666,376,104,321,521
657,638,198,666,535,117,218,659,30,564,192
658,638,488,395,376,48,666,377,321,248,317
659,666,194,572,419,62,638,579,509,444,444
660,556,21,250,181,539,610,216,432,665,644
661,117,103,616,611,204,204,404,665,515,539
662,117,387,271,306,579,66,90,239,178,258
663,611,616,117,404,644,490,421,515,516,239
664,469,30,248,411,509,638,435,324,278,8
665,421,579,164,644,21,250,117,556,340,539
666,600,117,638,579,435,434,270,381,596,306
667,298,129,399,480,119,518,132,217,364,143
668,123,123,123,666,638,218,201,356,289,282
669,298,129,399,480,119,518,132,217,364,143
670,201,203,579,218,497,254,572,315,419,196
671,488,477,381,246,321,278,137,550,376,638
672,328,364,210,638,655,248,477,561,666,309
673,275,510,348,29,582,86,147,15,233,655
674,535,462,82,374,538,550,406,666,328,500
675,477,488,258,377,376,248,381,638,631,309
676,510,348,275,29,86,582,15,147,233,655
677,477,513,488,630,656,638,48,217,317,649
678,452,246,95,655,638,321,666,431,214,605
679,95,452,192,659,256,666,248,219,258,633
680,190,333,417,289,551,82,245,497,638,203
681,551,103,196,404,218,444,444,444,444,184
682,587,177,517,67,400,305,305,39,39,39
683,66,36,100,666,218,132,145,587,358,39
684,315,161,644,340,178,109,13,2,239,616
685,510,583,435,348,331,655,321,633,322,381
686,381,582,488,477,328,377,431,336,278,165
687,321,477,488,336,328,376,377,381,630,582
688,258,666,248,305,305,509,129,26,461,25
689,103,535,399,129,550,468,82,257,317,406
690,86,29,582,15,147,376,649,666,639,447
691,313,434,314,592,432,596,433,438,278,597
692,207,81,13,442,430,413,181,539,610,21
693,633,197,258,132,282,129,240,364,331,522
694,111,111,344,167,532,88,334,65,529,258
695,103,502,78,218,497,289,282,417,123,123
696,117,452,380,600,594,48,435,599,433,596
697,377,376,638,248,435,643,380,599,666,535
698,649,630,656,48,307,447,317,27,532,9
699,377,376,248,582,633,558,104,412,522,631
